PINCODE,DISTRICT,STATE/U.T.,POSTAL DIVISION,POSTAL REGION,POSTAL CIRCLE
400614,THANE,MAHARASHTRA,NEW MUMBAI,MUMBAI,MAHARASHTRA
400710,THANE,MAHARASHTRA,NEW MUMBAI,MUMBAI,MAHARASHTRA
400706,THANE,MAHARASHTRA,NEW MUMBAI,MUMBAI,MAHARASHTRA
400706,THANE,MAHARASHTRA,NEW MUMBAI,MUMBAI,MAHARASHTRA
400705,THANE,MAHARASHTRA,NEW MUMBAI,MUMBAI,MAHARASHTRA
400703,THANE,MAHARASHTRA,NEW MUMBAI,MUMBAI,MAHARASHTRA
400614,THANE,MAHARASHTRA,NEW MUMBAI,MUMBAI,MAHARASHTRA
400703,THANE,MAHARASHTRA,NEW MUMBAI,MUMBAI,MAHARASHTRA
400709,THANE,MAHARASHTRA,NEW MUMBAI,MUMBAI,MAHARASHTRA
400706,THANE,MAHARASHTRA,NEW MUMBAI,MUMBAI,MAHARASHTRA
400703,THANE,MAHARASHTRA,NEW MUMBAI,MUMBAI,MAHARASHTRA
400703,THANE,MAHARASHTRA,NEW MUMBAI,MUMBAI,MAHARASHTRA
400703,THANE,MAHARASHTRA,NEW MUMBAI,MUMBAI,MAHARASHTRA
400703,THANE,MAHARASHTRA,NEW MUMBAI,MUMBAI,MAHARASHTRA
400614,THANE,MAHARASHTRA,NEW MUMBAI,MUMBAI,MAHARASHTRA
401202,THANE,MAHARASHTRA,THANE WEST,MUMBAI,MAHARASHTRA
401201,THANE,MAHARASHTRA,THANE WEST,MUMBAI,MAHARASHTRA
421301,THANE,MAHARASHTRA,THANE CENTRAL,MUMBAI,MAHARASHTRA
421301,THANE,MAHARASHTRA,THANE CENTRAL,MUMBAI,MAHARASHTRA
421301,THANE,MAHARASHTRA,THANE CENTRAL,MUMBAI,MAHARASHTRA
421308,THANE,MAHARASHTRA,THANE CENTRAL,MUMBAI,MAHARASHTRA
421301,THANE,MAHARASHTRA,THANE CENTRAL,MUMBAI,MAHARASHTRA
421301,THANE,MAHARASHTRA,THANE CENTRAL,MUMBAI,MAHARASHTRA
421301,THANE,MAHARASHTRA,THANE CENTRAL,MUMBAI,MAHARASHTRA
421302,THANE,MAHARASHTRA,THANE CENTRAL,MUMBAI,MAHARASHTRA
421301,THANE,MAHARASHTRA,THANE CENTRAL,MUMBAI,MAHARASHTRA
421301,THANE,MAHARASHTRA,THANE CENTRAL,MUMBAI,MAHARASHTRA
421301,THANE,MAHARASHTRA,THANE CENTRAL,MUMBAI,MAHARASHTRA
401206,THANE,MAHARASHTRA,THANE WEST,MUMBAI,MAHARASHTRA
421301,THANE,MAHARASHTRA,THANE CENTRAL,MUMBAI,MAHARASHTRA
421301,THANE,MAHARASHTRA,THANE CENTRAL,MUMBAI,MAHARASHTRA
421311,THANE,MAHARASHTRA,THANE CENTRAL,MUMBAI,MAHARASHTRA
421301,THANE,MAHARASHTRA,THANE CENTRAL,MUMBAI,MAHARASHTRA
421301,THANE,MAHARASHTRA,THANE CENTRAL,MUMBAI,MAHARASHTRA
421301,THANE,MAHARASHTRA,THANE CENTRAL,MUMBAI,MAHARASHTRA
421301,THANE,MAHARASHTRA,THANE CENTRAL,MUMBAI,MAHARASHTRA
421101,THANE,MAHARASHTRA,THANE CENTRAL,MUMBAI,MAHARASHTRA
421301,THANE,MAHARASHTRA,THANE CENTRAL,MUMBAI,MAHARASHTRA
421311,THANE,MAHARASHTRA,THANE CENTRAL,MUMBAI,MAHARASHTRA
421301,THANE,MAHARASHTRA,THANE CENTRAL,MUMBAI,MAHARASHTRA
421311,THANE,MAHARASHTRA,THANE CENTRAL,MUMBAI,MAHARASHTRA
421302,THANE,MAHARASHTRA,THANE CENTRAL,MUMBAI,MAHARASHTRA
421302,THANE,MAHARASHTRA,THANE CENTRAL,MUMBAI,MAHARASHTRA
421301,THANE,MAHARASHTRA,THANE CENTRAL,MUMBAI,MAHARASHTRA
421301,THANE,MAHARASHTRA,THANE CENTRAL,MUMBAI,MAHARASHTRA
421301,THANE,MAHARASHTRA,THANE CENTRAL,MUMBAI,MAHARASHTRA
401204,THANE,MAHARASHTRA,THANE WEST,MUMBAI,MAHARASHTRA
421305,THANE,MAHARASHTRA,THANE CENTRAL,MUMBAI,MAHARASHTRA
401701,THANE,MAHARASHTRA,THANE WEST,MUMBAI,MAHARASHTRA
401503,THANE,MAHARASHTRA,THANE WEST,MUMBAI,MAHARASHTRA
401602,THANE,MAHARASHTRA,THANE WEST,MUMBAI,MAHARASHTRA
401601,THANE,MAHARASHTRA,THANE WEST,MUMBAI,MAHARASHTRA
401608,THANE,MAHARASHTRA,THANE WEST,MUMBAI,MAHARASHTRA
401610,THANE,MAHARASHTRA,THANE WEST,MUMBAI,MAHARASHTRA
401702,THANE,MAHARASHTRA,THANE WEST,MUMBAI,MAHARASHTRA
401607,THANE,MAHARASHTRA,THANE WEST,MUMBAI,MAHARASHTRA
401703,THANE,MAHARASHTRA,THANE WEST,MUMBAI,MAHARASHTRA
401609,THANE,MAHARASHTRA,THANE WEST,MUMBAI,MAHARASHTRA
401603,THANE,MAHARASHTRA,THANE WEST,MUMBAI,MAHARASHTRA
421506,THANE,MAHARASHTRA,THANE CENTRAL,MUMBAI,MAHARASHTRA
421301,THANE,MAHARASHTRA,THANE CENTRAL,MUMBAI,MAHARASHTRA
421301,THANE,MAHARASHTRA,THANE CENTRAL,MUMBAI,MAHARASHTRA
421501,THANE,MAHARASHTRA,THANE CENTRAL,MUMBAI,MAHARASHTRA
421501,THANE,MAHARASHTRA,THANE CENTRAL,MUMBAI,MAHARASHTRA
421301,THANE,MAHARASHTRA,THANE CENTRAL,MUMBAI,MAHARASHTRA
421102,THANE,MAHARASHTRA,THANE CENTRAL,MUMBAI,MAHARASHTRA
421301,THANE,MAHARASHTRA,THANE CENTRAL,MUMBAI,MAHARASHTRA
421504,THANE,MAHARASHTRA,THANE CENTRAL,MUMBAI,MAHARASHTRA
421002,THANE,MAHARASHTRA,THANE CENTRAL,MUMBAI,MAHARASHTRA
421603,THANE,MAHARASHTRA,THANE CENTRAL,MUMBAI,MAHARASHTRA
421301,THANE,MAHARASHTRA,THANE CENTRAL,MUMBAI,MAHARASHTRA
421301,THANE,MAHARASHTRA,THANE CENTRAL,MUMBAI,MAHARASHTRA
421301,THANE,MAHARASHTRA,THANE CENTRAL,MUMBAI,MAHARASHTRA
421203,THANE,MAHARASHTRA,THANE CENTRAL,MUMBAI,MAHARASHTRA
421201,THANE,MAHARASHTRA,THANE CENTRAL,MUMBAI,MAHARASHTRA
421301,THANE,MAHARASHTRA,THANE CENTRAL,MUMBAI,MAHARASHTRA
421306,THANE,MAHARASHTRA,THANE CENTRAL,MUMBAI,MAHARASHTRA
421301,THANE,MAHARASHTRA,THANE CENTRAL,MUMBAI,MAHARASHTRA
421301,THANE,MAHARASHTRA,THANE CENTRAL,MUMBAI,MAHARASHTRA
421301,THANE,MAHARASHTRA,THANE CENTRAL,MUMBAI,MAHARASHTRA
421301,THANE,MAHARASHTRA,THANE CENTRAL,MUMBAI,MAHARASHTRA
421301,THANE,MAHARASHTRA,THANE CENTRAL,MUMBAI,MAHARASHTRA
421306,THANE,MAHARASHTRA,THANE CENTRAL,MUMBAI,MAHARASHTRA
421301,THANE,MAHARASHTRA,THANE CENTRAL,MUMBAI,MAHARASHTRA
421301,THANE,MAHARASHTRA,THANE CENTRAL,MUMBAI,MAHARASHTRA
421301,THANE,MAHARASHTRA,THANE CENTRAL,MUMBAI,MAHARASHTRA
421301,THANE,MAHARASHTRA,THANE CENTRAL,MUMBAI,MAHARASHTRA
421605,THANE,MAHARASHTRA,THANE CENTRAL,MUMBAI,MAHARASHTRA
421301,THANE,MAHARASHTRA,THANE CENTRAL,MUMBAI,MAHARASHTRA
421102,THANE,MAHARASHTRA,THANE CENTRAL,MUMBAI,MAHARASHTRA
421204,THANE,MAHARASHTRA,THANE CENTRAL,MUMBAI,MAHARASHTRA
421102,THANE,MAHARASHTRA,THANE CENTRAL,MUMBAI,MAHARASHTRA
421204,THANE,MAHARASHTRA,THANE CENTRAL,MUMBAI,MAHARASHTRA
421204,THANE,MAHARASHTRA,THANE CENTRAL,MUMBAI,MAHARASHTRA
421301,THANE,MAHARASHTRA,THANE CENTRAL,MUMBAI,MAHARASHTRA
421301,THANE,MAHARASHTRA,THANE CENTRAL,MUMBAI,MAHARASHTRA
421201,THANE,MAHARASHTRA,THANE CENTRAL,MUMBAI,MAHARASHTRA
421301,THANE,MAHARASHTRA,THANE CENTRAL,MUMBAI,MAHARASHTRA
421103,THANE,MAHARASHTRA,THANE CENTRAL,MUMBAI,MAHARASHTRA
421301,THANE,MAHARASHTRA,THANE CENTRAL,MUMBAI,MAHARASHTRA
421301,THANE,MAHARASHTRA,THANE CENTRAL,MUMBAI,MAHARASHTRA
421301,THANE,MAHARASHTRA,THANE CENTRAL,MUMBAI,MAHARASHTRA
421201,THANE,MAHARASHTRA,THANE CENTRAL,MUMBAI,MAHARASHTRA
421605,THANE,MAHARASHTRA,THANE CENTRAL,MUMBAI,MAHARASHTRA
421301,THANE,MAHARASHTRA,THANE CENTRAL,MUMBAI,MAHARASHTRA
421301,THANE,MAHARASHTRA,THANE CENTRAL,MUMBAI,MAHARASHTRA
421301,THANE,MAHARASHTRA,THANE CENTRAL,MUMBAI,MAHARASHTRA
421301,THANE,MAHARASHTRA,THANE CENTRAL,MUMBAI,MAHARASHTRA
421301,THANE,MAHARASHTRA,THANE CENTRAL,MUMBAI,MAHARASHTRA
421301,THANE,MAHARASHTRA,THANE CENTRAL,MUMBAI,MAHARASHTRA
421202,THANE,MAHARASHTRA,THANE CENTRAL,MUMBAI,MAHARASHTRA
401604,THANE,MAHARASHTRA,THANE WEST,MUMBAI,MAHARASHTRA
421401,THANE,MAHARASHTRA,THANE CENTRAL,MUMBAI,MAHARASHTRA
421401,THANE,MAHARASHTRA,THANE CENTRAL,MUMBAI,MAHARASHTRA
421401,THANE,MAHARASHTRA,THANE CENTRAL,MUMBAI,MAHARASHTRA
421401,THANE,MAHARASHTRA,THANE CENTRAL,MUMBAI,MAHARASHTRA
421401,THANE,MAHARASHTRA,THANE CENTRAL,MUMBAI,MAHARASHTRA
421401,THANE,MAHARASHTRA,THANE CENTRAL,MUMBAI,MAHARASHTRA
421401,THANE,MAHARASHTRA,THANE CENTRAL,MUMBAI,MAHARASHTRA
421401,THANE,MAHARASHTRA,THANE CENTRAL,MUMBAI,MAHARASHTRA
421401,THANE,MAHARASHTRA,THANE CENTRAL,MUMBAI,MAHARASHTRA
421401,THANE,MAHARASHTRA,THANE CENTRAL,MUMBAI,MAHARASHTRA
421401,THANE,MAHARASHTRA,THANE CENTRAL,MUMBAI,MAHARASHTRA
421401,THANE,MAHARASHTRA,THANE CENTRAL,MUMBAI,MAHARASHTRA
421401,THANE,MAHARASHTRA,THANE CENTRAL,MUMBAI,MAHARASHTRA
421401,THANE,MAHARASHTRA,THANE CENTRAL,MUMBAI,MAHARASHTRA
421401,THANE,MAHARASHTRA,THANE CENTRAL,MUMBAI,MAHARASHTRA
421401,THANE,MAHARASHTRA,THANE CENTRAL,MUMBAI,MAHARASHTRA
421401,THANE,MAHARASHTRA,THANE CENTRAL,MUMBAI,MAHARASHTRA
421401,THANE,MAHARASHTRA,THANE CENTRAL,MUMBAI,MAHARASHTRA
401501,THANE,MAHARASHTRA,THANE WEST,MUMBAI,MAHARASHTRA
401401,THANE,MAHARASHTRA,THANE WEST,MUMBAI,MAHARASHTRA
401402,THANE,MAHARASHTRA,THANE WEST,MUMBAI,MAHARASHTRA
401403,THANE,MAHARASHTRA,THANE WEST,MUMBAI,MAHARASHTRA
401404,THANE,MAHARASHTRA,THANE WEST,MUMBAI,MAHARASHTRA
401405,THANE,MAHARASHTRA,THANE WEST,MUMBAI,MAHARASHTRA
401504,THANE,MAHARASHTRA,THANE WEST,MUMBAI,MAHARASHTRA
401502,THANE,MAHARASHTRA,THANE WEST,MUMBAI,MAHARASHTRA
401506,THANE,MAHARASHTRA,THANE WEST,MUMBAI,MAHARASHTRA
401102,THANE,MAHARASHTRA,THANE WEST,MUMBAI,MAHARASHTRA
401103,THANE,MAHARASHTRA,THANE WEST,MUMBAI,MAHARASHTRA
400701,THANE,MAHARASHTRA,NEW MUMBAI,MUMBAI,MAHARASHTRA
421601,THANE,MAHARASHTRA,THANE CENTRAL,MUMBAI,MAHARASHTRA
421601,THANE,MAHARASHTRA,THANE CENTRAL,MUMBAI,MAHARASHTRA
421601,THANE,MAHARASHTRA,THANE CENTRAL,MUMBAI,MAHARASHTRA
421601,THANE,MAHARASHTRA,THANE CENTRAL,MUMBAI,MAHARASHTRA
421601,THANE,MAHARASHTRA,THANE CENTRAL,MUMBAI,MAHARASHTRA
421402,THANE,MAHARASHTRA,THANE CENTRAL,MUMBAI,MAHARASHTRA
421601,THANE,MAHARASHTRA,THANE CENTRAL,MUMBAI,MAHARASHTRA
421403,THANE,MAHARASHTRA,THANE CENTRAL,MUMBAI,MAHARASHTRA
421601,THANE,MAHARASHTRA,THANE CENTRAL,MUMBAI,MAHARASHTRA
421602,THANE,MAHARASHTRA,THANE CENTRAL,MUMBAI,MAHARASHTRA
421601,THANE,MAHARASHTRA,THANE CENTRAL,MUMBAI,MAHARASHTRA
421403,THANE,MAHARASHTRA,THANE CENTRAL,MUMBAI,MAHARASHTRA
421403,THANE,MAHARASHTRA,THANE CENTRAL,MUMBAI,MAHARASHTRA
421601,THANE,MAHARASHTRA,THANE CENTRAL,MUMBAI,MAHARASHTRA
421403,THANE,MAHARASHTRA,THANE CENTRAL,MUMBAI,MAHARASHTRA
421601,THANE,MAHARASHTRA,THANE CENTRAL,MUMBAI,MAHARASHTRA
421403,THANE,MAHARASHTRA,THANE CENTRAL,MUMBAI,MAHARASHTRA
421403,THANE,MAHARASHTRA,THANE CENTRAL,MUMBAI,MAHARASHTRA
421601,THANE,MAHARASHTRA,THANE CENTRAL,MUMBAI,MAHARASHTRA
421601,THANE,MAHARASHTRA,THANE CENTRAL,MUMBAI,MAHARASHTRA
421601,THANE,MAHARASHTRA,THANE CENTRAL,MUMBAI,MAHARASHTRA
421601,THANE,MAHARASHTRA,THANE CENTRAL,MUMBAI,MAHARASHTRA
421601,THANE,MAHARASHTRA,THANE CENTRAL,MUMBAI,MAHARASHTRA
421601,THANE,MAHARASHTRA,THANE CENTRAL,MUMBAI,MAHARASHTRA
421601,THANE,MAHARASHTRA,THANE CENTRAL,MUMBAI,MAHARASHTRA
421601,THANE,MAHARASHTRA,THANE CENTRAL,MUMBAI,MAHARASHTRA
421403,THANE,MAHARASHTRA,THANE CENTRAL,MUMBAI,MAHARASHTRA
421601,THANE,MAHARASHTRA,THANE CENTRAL,MUMBAI,MAHARASHTRA
421403,THANE,MAHARASHTRA,THANE CENTRAL,MUMBAI,MAHARASHTRA
421604,THANE,MAHARASHTRA,THANE CENTRAL,MUMBAI,MAHARASHTRA
421601,THANE,MAHARASHTRA,THANE CENTRAL,MUMBAI,MAHARASHTRA
401606,THANE,MAHARASHTRA,THANE WEST,MUMBAI,MAHARASHTRA
400708,THANE,MAHARASHTRA,NEW MUMBAI,MUMBAI,MAHARASHTRA
400610,THANE,MAHARASHTRA,THANE CENTRAL,MUMBAI,MAHARASHTRA
400608,THANE,MAHARASHTRA,THANE CENTRAL,MUMBAI,MAHARASHTRA
401105,THANE,MAHARASHTRA,THANE WEST,MUMBAI,MAHARASHTRA
401101,THANE,MAHARASHTRA,THANE WEST,MUMBAI,MAHARASHTRA
400607,THANE,MAHARASHTRA,THANE CENTRAL,MUMBAI,MAHARASHTRA
400612,THANE,MAHARASHTRA,THANE CENTRAL,MUMBAI,MAHARASHTRA
400706,THANE,MAHARASHTRA,NEW MUMBAI,MUMBAI,MAHARASHTRA
400612,THANE,MAHARASHTRA,THANE CENTRAL,MUMBAI,MAHARASHTRA
400612,THANE,MAHARASHTRA,THANE CENTRAL,MUMBAI,MAHARASHTRA
400602,THANE,MAHARASHTRA,THANE CENTRAL,MUMBAI,MAHARASHTRA
400606,THANE,MAHARASHTRA,THANE CENTRAL,MUMBAI,MAHARASHTRA
400605,THANE,MAHARASHTRA,THANE CENTRAL,MUMBAI,MAHARASHTRA
400601,THANE,MAHARASHTRA,THANE CENTRAL,MUMBAI,MAHARASHTRA
400612,THANE,MAHARASHTRA,THANE CENTRAL,MUMBAI,MAHARASHTRA
400603,THANE,MAHARASHTRA,THANE CENTRAL,MUMBAI,MAHARASHTRA
401107,THANE,MAHARASHTRA,THANE WEST,MUMBAI,MAHARASHTRA
401104,THANE,MAHARASHTRA,THANE WEST,MUMBAI,MAHARASHTRA
400612,THANE,MAHARASHTRA,THANE CENTRAL,MUMBAI,MAHARASHTRA
400602,THANE,MAHARASHTRA,THANE CENTRAL,MUMBAI,MAHARASHTRA
400607,THANE,MAHARASHTRA,THANE CENTRAL,MUMBAI,MAHARASHTRA
400601,THANE,MAHARASHTRA,THANE CENTRAL,MUMBAI,MAHARASHTRA
400601,THANE,MAHARASHTRA,THANE CENTRAL,MUMBAI,MAHARASHTRA
400601,THANE,MAHARASHTRA,THANE CENTRAL,MUMBAI,MAHARASHTRA
400603,THANE,MAHARASHTRA,THANE CENTRAL,MUMBAI,MAHARASHTRA
400601,THANE,MAHARASHTRA,THANE CENTRAL,MUMBAI,MAHARASHTRA
400601,THANE,MAHARASHTRA,THANE CENTRAL,MUMBAI,MAHARASHTRA
401106,THANE,MAHARASHTRA,THANE WEST,MUMBAI,MAHARASHTRA
400604,THANE,MAHARASHTRA,THANE CENTRAL,MUMBAI,MAHARASHTRA
400612,THANE,MAHARASHTRA,THANE CENTRAL,MUMBAI,MAHARASHTRA
421001,THANE,MAHARASHTRA,THANE CENTRAL,MUMBAI,MAHARASHTRA
421501,THANE,MAHARASHTRA,THANE CENTRAL,MUMBAI,MAHARASHTRA
421503,THANE,MAHARASHTRA,THANE CENTRAL,MUMBAI,MAHARASHTRA
421505,THANE,MAHARASHTRA,THANE CENTRAL,MUMBAI,MAHARASHTRA
421502,THANE,MAHARASHTRA,THANE CENTRAL,MUMBAI,MAHARASHTRA
421002,THANE,MAHARASHTRA,THANE CENTRAL,MUMBAI,MAHARASHTRA
421001,THANE,MAHARASHTRA,THANE CENTRAL,MUMBAI,MAHARASHTRA
421002,THANE,MAHARASHTRA,THANE CENTRAL,MUMBAI,MAHARASHTRA
421004,THANE,MAHARASHTRA,THANE CENTRAL,MUMBAI,MAHARASHTRA
421005,THANE,MAHARASHTRA,THANE CENTRAL,MUMBAI,MAHARASHTRA
401301,THANE,MAHARASHTRA,THANE WEST,MUMBAI,MAHARASHTRA
401302,THANE,MAHARASHTRA,THANE WEST,MUMBAI,MAHARASHTRA
401209,THANE,MAHARASHTRA,THANE WEST,MUMBAI,MAHARASHTRA
401304,THANE,MAHARASHTRA,THANE WEST,MUMBAI,MAHARASHTRA
401207,THANE,MAHARASHTRA,THANE WEST,MUMBAI,MAHARASHTRA
401203,THANE,MAHARASHTRA,THANE WEST,MUMBAI,MAHARASHTRA
401208,THANE,MAHARASHTRA,THANE WEST,MUMBAI,MAHARASHTRA
401202,THANE,MAHARASHTRA,THANE WEST,MUMBAI,MAHARASHTRA
401305,THANE,MAHARASHTRA,THANE WEST,MUMBAI,MAHARASHTRA
401303,THANE,MAHARASHTRA,THANE WEST,MUMBAI,MAHARASHTRA
401605,THANE,MAHARASHTRA,THANE WEST,MUMBAI,MAHARASHTRA
421312,THANE,MAHARASHTRA,THANE CENTRAL,MUMBAI,MAHARASHTRA
421312,THANE,MAHARASHTRA,THANE CENTRAL,MUMBAI,MAHARASHTRA
421312,THANE,MAHARASHTRA,THANE CENTRAL,MUMBAI,MAHARASHTRA
421312,THANE,MAHARASHTRA,THANE CENTRAL,MUMBAI,MAHARASHTRA
421312,THANE,MAHARASHTRA,THANE CENTRAL,MUMBAI,MAHARASHTRA
421312,THANE,MAHARASHTRA,THANE CENTRAL,MUMBAI,MAHARASHTRA
421312,THANE,MAHARASHTRA,THANE CENTRAL,MUMBAI,MAHARASHTRA
421303,THANE,MAHARASHTRA,THANE WEST,MUMBAI,MAHARASHTRA
421312,THANE,MAHARASHTRA,THANE CENTRAL,MUMBAI,MAHARASHTRA
